{
  "noiseScale": 5.217391304347826,
  "scaleX": 1.0310329761475643,
  "scaleY": -1.367914917997508,
  "height": -0.6086956521739131,
  "speed": 0.3777173913043478,
  "x": -0.3913043478260869,
  "y": -0.7391304347826086,
  "z": 0,
  "rx": -0.4988711915876727,
  "ry": -0.20488647740802968,
  "rz": 0.2731819698773732,
  "_currentSetting": 1
}