{
  "noiseScale": 4.782608695652174,
  "scaleX": -0.7608695652173916,
  "scaleY": 1.8478260869565224,
  "height": -0.5,
  "speed": 0.4,
  "x": -0.26086956521739135,
  "y": -0.08695652173913049,
  "z": 0.21739130434782616,
  "rx": -0.8878414021014636,
  "ry": -0.682954924693433,
  "rz": 0.4780684472854033,
  "_currentSetting": 4
}