{
  "noiseScale": 4.57,
  "scaleX": 1.0869565217391308,
  "scaleY": 2.0652173913043477,
  "height": 0.13043478260869557,
  "speed": 1.134782608695652,
  "x": 0,
  "y": 0.15217391304347827,
  "z": 0,
  "rx": -0.81954590963212,
  "ry": -0.7512504171627765,
  "rz": 0.6829549246934334,
  "_currentSetting": 4
}