{
  "noiseScale": 2.826086956521739,
  "scaleX": -1.8671282912925835,
  "scaleY": -2.053259443076867,
  "height": -0.7608695652173914,
  "speed": 0.42097826086956525,
  "x": -0.3913043478260869,
  "y": -0.13043478260869568,
  "z": -0.04347826086956519,
  "rx": -0.6570440441321621,
  "ry": 0.06829549246934352,
  "rz": -2.1521309610771384,
  "_currentSetting": 4
}