{
  "noiseScale": 5.434782608695652,
  "scaleX": 0.8695652173913047,
  "scaleY": -1.4130434782608696,
  "height": -1,
  "speed": 0.7454347826086956,
  "x": 0,
  "y": 0,
  "z": 0,
  "rx": 0.16676566151627803,
  "ry": -0.20488647740802968,
  "rz": 1.980569281610956,
  "_currentSetting": 1
}