{
  "noiseScale": 4.57,
  "scaleX": -1.0413725894234553,
  "scaleY": 4.790398850670453,
  "height": 0.2,
  "speed": 0.4,
  "x": 0,
  "y": 0,
  "z": 0,
  "rx": 0.1821421538934429,
  "ry": -0.20488647740802968,
  "rz": 0.6308585583220481
}