{
  "noiseScale": 4.57,
  "scaleX": -1.0869565217391304,
  "scaleY": -2.0652173913043477,
  "height": 0.26086956521739135,
  "speed": 0.4,
  "x": 0,
  "y": 0,
  "z": 0,
  "rx": 0.20703731723856023,
  "ry": -0.20488647740802968,
  "rz": 2.543339656778098
}