{
  "noiseScale": 4.57,
  "scaleX": 1.0869565217391308,
  "scaleY": 2.0652173913043477,
  "height": 0.13043478260869557,
  "speed": 0.4,
  "x": 0,
  "y": 0,
  "z": 0,
  "rx": 0.6829549246934334,
  "ry": -0.20488647740802968,
  "rz": 0.81954590963212
}