{
  "noiseScale": 4.57,
  "scaleX": 0.6989130434782609,
  "scaleY": 2.8,
  "height": 0.2,
  "speed": 0.4,
  "x": 0,
  "y": 0,
  "z": 0,
  "rx": -0.4780684472854033,
  "ry": -0.20488647740802968,
  "rz": 0.81954590963212
}