{
  "noiseScale": 4.57,
  "scaleX": -2.8910307656535448,
  "scaleY": -0.9498727566724696,
  "height": 0.2,
  "speed": 0.4,
  "x": 0,
  "y": 0,
  "z": 0,
  "rx": -0.2398216727436283,
  "ry": -0.20488647740802968,
  "rz": -0.34524795768283534
}